model,fold,macro_f1,accuracy
LogReg,1,0.016823059332811335,0.030593757720497407
LogReg,2,0.01120304246357934,0.010499876472041505
LogReg,3,0.02485506069275003,0.02132916083340196
RandomForest,1,0.09987897868943532,0.19735650168821545
RandomForest,2,0.09182855401591174,0.18615663345137115
RandomForest,3,0.0996553452914937,0.26644980647286504
XGBoost,1,0.07832211446919188,0.4720826813802191
XGBoost,2,0.07545518773243247,0.45277114386889566
XGBoost,3,0.08254632130307785,0.49781767273326194
